{
  "max_depth": 9,
  "min_child_weight": 6,
  "gamma": 3,
  "subsample": 0.9955784740143707,
  "colsample_bytree": 0.8233654438141474,
  "reg_alpha": 9.85268289322318,
  "reg_lambda": 57.976004599564774,
  "n_estimators": 800
}
